<?xml version="1.0" encoding="UTF-8" standalone="yes"?>
<resourceDescriptor

        critical="false" date="2013-10-01-06:00"
        description="No Magic MagicDraw IFML Plugin 1, Provider Name: Lonnie VanZandt."
        group="Plugins"
        homePage="www.nomagic.com"
        id="98989" mdVersionMax="higher" mdVersionMin="17.0.4"
        name="Cameo MagicDraw IFML Plugin"
        product="comnomagicmagicdrawpluginsifml"
        restartMagicdraw="false"
        type="Plugin">

    <version human="17.0.4-20131007-1208" internal="17.0.4-20131007-1208" resource="10"/>
    <provider email="lvanzandt@nomagic.com" homePage="www.nomagic.com" name="Lonnie VanZandt"/>
    <edition>Enterprise</edition>
    <installation>
        <file from="plugins/com.nomagic.magicdraw.plugins.ifml/magicdraw-plugins-ifml.jar"
              to="plugins/com.nomagic.magicdraw.plugins.ifml/magicdraw-plugins-ifml.jar"/>

        <file from="plugins/com.nomagic.magicdraw.plugins.ifml/lib/guava-14.0.1.jar"
              to="plugins/com.nomagic.magicdraw.plugins.ifml/lib/guava-14.0.1.jar"/>

        <file from="plugins/com.nomagic.magicdraw.plugins.ifml/plugin.xml"
              to="plugins/com.nomagic.magicdraw.plugins.ifml/plugin.xml"/>

        <file from="profiles/ifml/IFML-Profile.mdzip"
              to="profiles/ifml/IFML-Profile.mdzip"/>

        <file from="profiles/ifml/IFML-Metamodel.mdzip"
              to="profiles/ifml/IFML-Metamodel.mdzip"/>

        <file from="profiles/ifml/IFML DSL Customizations.mdzip"
              to="profiles/ifml/IFML DSL Customizations.mdzip"/>

        <file from="profiles/ifml/IFML Widgets Customizations.mdzip"
              to="profiles/ifml/IFML Widgets Customizations.mdzip"/>

        <file from="profiles/ifml/IFML Widgets Profile.mdzip"
              to="profiles/ifml/IFML Widgets Profile.mdzip"/>

        <file from="data/defaults/data/diagrams/IFML Wireframe Diagram/descriptor.xml"
              to="data/defaults/data/diagrams/IFML Wireframe Diagram/descriptor.xml"/>

    </installation>
</resourceDescriptor>

